"","state","FIPS","year","gun_deaths","cdc_population","gun_death_rate","household_firearm_ownership","universal_background_check","permit_required","firearm_laws"
"1","Alabama",1,1999,736,4430141,16.6,0.537,0,0,0
"2","Alabama",1,2000,730,4447100,16.4,0.538,0,0,0
"3","Alabama",1,2001,696,4467634,15.6,0.522,0,0,0
"4","Alabama",1,2002,679,4480089,15.2,0.553,0,0,0
"5","Alabama",1,2003,726,4503491,16.1,0.504,0,0,0
"6","Alabama",1,2004,646,4530729,14.3,0.516,0,0,0
"7","Alabama",1,2005,694,4569805,15.2,0.485,0,0,0
"8","Alabama",1,2006,741,4628981,16,0.468,0,0,0
"9","Alabama",1,2007,787,4672840,16.8,0.481,0,0,0
"10","Alabama",1,2008,787,4718206,16.7,0.503,0,0,0
"11","Alabama",1,2009,801,4757938,16.8,0.482,0,0,0
"12","Alabama",1,2010,746,4779736,15.6,0.456,0,0,0
"13","Alabama",1,2011,759,4802740,15.8,0.513,0,0,0
"14","Alabama",1,2012,815,4822023,16.9,0.543,0,0,0
"15","Alabama",1,2013,828,4833722,17.1,0.516,0,0,0
"16","Alabama",1,2014,780,4849377,16.1,0.51,0,0,0
"17","Alabama",1,2015,933,4858979,19.2,0.495,0,0,0
"18","Alabama",1,2016,1013,4863300,20.8,0.528,0,0,0
"19","Alaska",2,1999,84,624779,13.4,0.571,0,0,0
"20","Alaska",2,2000,113,626932,18,0.601,0,0,0
"21","Alaska",2,2001,94,633714,14.8,0.61,0,0,0
"22","Alaska",2,2002,124,642337,19.3,0.614,0,0,0
"23","Alaska",2,2003,117,648414,18,0.587,0,0,0
"24","Alaska",2,2004,116,659286,17.6,0.58,0,0,0
"25","Alaska",2,2005,114,666946,17.1,0.609,0,0,0
"26","Alaska",2,2006,107,675302,15.8,0.551,0,0,0
"27","Alaska",2,2007,120,680300,17.6,0.577,0,0,0
"28","Alaska",2,2008,134,687455,19.5,0.613,0,0,0
"29","Alaska",2,2009,102,698895,14.6,0.543,0,0,0
"30","Alaska",2,2010,141,710231,19.9,0.611,0,0,0
"31","Alaska",2,2011,124,722718,17.2,0.627,0,0,0
"32","Alaska",2,2012,123,731449,16.8,0.607,0,0,0
"33","Alaska",2,2013,142,735132,19.3,0.576,0,0,0
"34","Alaska",2,2014,142,736732,19.3,0.618,0,0,0
"35","Alaska",2,2015,170,738432,23,0.551,0,0,0
"36","Alaska",2,2016,166,741894,22.4,0.572,0,0,0
"37","Arizona",4,1999,788,5023823,15.7,0.409,0,0,0
"38","Arizona",4,2000,774,5130632,15.1,0.427,0,0,0
"39","Arizona",4,2001,813,5273477,15.4,0.35,0,0,0
"40","Arizona",4,2002,928,5396255,17.2,0.381,0,0,0
"41","Arizona",4,2003,825,5510364,15,0.393,0,0,0
"42","Arizona",4,2004,865,5652404,15.3,0.368,0,0,0
"43","Arizona",4,2005,912,5839077,15.6,0.373,0,0,0
"44","Arizona",4,2006,964,6029141,16,0.385,0,0,0
"45","Arizona",4,2007,923,6167681,15,0.38,0,0,0
"46","Arizona",4,2008,887,6280362,14.1,0.382,0,0,0
"47","Arizona",4,2009,842,6343154,13.3,0.396,0,0,0
"48","Arizona",4,2010,907,6392017,14.2,0.346,0,0,0
"49","Arizona",4,2011,945,6482505,14.6,0.329,0,0,0
"50","Arizona",4,2012,928,6553255,14.2,0.415,0,0,0
"51","Arizona",4,2013,921,6626624,13.9,0.366,0,0,0
"52","Arizona",4,2014,907,6731484,13.5,0.385,0,0,0
"53","Arizona",4,2015,953,6828065,14,0.36,0,0,0
"54","Arizona",4,2016,1073,6931071,15.5,0.36,0,0,0
"55","Arkansas",5,1999,359,2651860,13.5,0.555,0,0,0
"56","Arkansas",5,2000,393,2673400,14.7,0.542,0,0,0
"57","Arkansas",5,2001,387,2691571,14.4,0.537,0,0,0
"58","Arkansas",5,2002,416,2705927,15.4,0.56,0,0,0
"59","Arkansas",5,2003,386,2724816,14.2,0.516,0,0,0
"60","Arkansas",5,2004,384,2749686,14,0.544,0,0,0
"61","Arkansas",5,2005,423,2781097,15.2,0.499,0,0,0
"62","Arkansas",5,2006,412,2821761,14.6,0.481,0,0,0
"63","Arkansas",5,2007,402,2848650,14.1,0.507,0,0,0
"64","Arkansas",5,2008,427,2874554,14.9,0.508,0,0,0
"65","Arkansas",5,2009,449,2896843,15.5,0.493,0,0,0
"66","Arkansas",5,2010,403,2915918,13.8,0.493,0,0,0
"67","Arkansas",5,2011,447,2937979,15.2,0.527,0,0,0
"68","Arkansas",5,2012,475,2949131,16.1,0.544,0,0,0
"69","Arkansas",5,2013,484,2959373,16.4,0.5,0,0,0
"70","Arkansas",5,2014,489,2966369,16.5,0.493,0,0,0
"71","Arkansas",5,2015,500,2978204,16.8,0.462,0,0,0
"72","Arkansas",5,2016,524,2988248,17.5,0.518,0,0,0
"73","California",6,1999,2943,33499204,8.8,0.271,1,1,1
"74","California",6,2000,2980,33871648,8.8,0.274,1,1,1
"75","California",6,2001,3045,34479458,8.8,0.229,1,1,1
"76","California",6,2002,3316,34871843,9.5,0.228,1,1,1
"77","California",6,2003,3320,35253159,9.4,0.198,1,1,1
"78","California",6,2004,3190,35574576,9,0.203,1,1,1
"79","California",6,2005,3222,35827943,9,0.209,1,1,1
"80","California",6,2006,3208,36021202,8.9,0.202,1,1,1
"81","California",6,2007,3145,36250311,8.7,0.185,1,1,1
"82","California",6,2008,3064,36604337,8.4,0.175,1,1,1
"83","California",6,2009,2996,36961229,8.1,0.196,1,1,1
"84","California",6,2010,2847,37253956,7.6,0.174,1,1,1
"85","California",6,2011,2895,37691912,7.7,0.16,1,1,1
"86","California",6,2012,2926,38041430,7.7,0.214,1,1,1
"87","California",6,2013,2894,38332521,7.5,0.155,1,1,1
"88","California",6,2014,2830,38802500,7.3,0.183,1,1,1
"89","California",6,2015,2963,39144818,7.6,0.151,1,1,1
"90","California",6,2016,3074,39250017,7.8,0.163,1,1,1
"91","Colorado",8,1999,437,4226018,10.3,0.43,0,0,0
"92","Colorado",8,2000,435,4301261,10.1,0.467,0,0,0
"93","Colorado",8,2001,493,4425687,11.1,0.371,0,0,0
"94","Colorado",8,2002,499,4490406,11.1,0.363,0,0,0
"95","Colorado",8,2003,486,4528732,10.7,0.373,0,0,0
"96","Colorado",8,2004,540,4575013,11.8,0.411,0,0,0
"97","Colorado",8,2005,516,4631888,11.1,0.378,0,0,0
"98","Colorado",8,2006,483,4720423,10.2,0.399,0,0,0
"99","Colorado",8,2007,496,4803868,10.3,0.404,0,0,0
"100","Colorado",8,2008,501,4889730,10.2,0.402,0,0,0
"101","Colorado",8,2009,568,4972195,11.4,0.411,0,0,0
"102","Colorado",8,2010,531,5029196,10.6,0.384,0,0,0
"103","Colorado",8,2011,549,5116796,10.7,0.36,0,0,0
"104","Colorado",8,2012,655,5187582,12.6,0.414,0,0,0
"105","Colorado",8,2013,606,5268367,11.5,0.394,1,0,0
"106","Colorado",8,2014,651,5355866,12.2,0.385,1,0,0
"107","Colorado",8,2015,685,5456574,12.6,0.369,1,0,0
"108","Colorado",8,2016,782,5540545,14.1,0.379,1,0,0
"109","Connecticut",9,1999,195,3386401,5.8,0.198,1,1,1
"110","Connecticut",9,2000,176,3405565,5.2,0.202,1,1,1
"111","Connecticut",9,2001,188,3432835,5.5,0.189,1,1,1
"112","Connecticut",9,2002,143,3458749,4.1,0.193,1,1,1
"113","Connecticut",9,2003,147,3484336,4.2,0.179,1,1,1
"114","Connecticut",9,2004,170,3496094,4.9,0.166,1,1,1
"115","Connecticut",9,2005,178,3506956,5.1,0.202,1,1,1
"116","Connecticut",9,2006,172,3517460,4.9,0.174,1,1,1
"117","Connecticut",9,2007,146,3527270,4.1,0.116,1,1,1
"118","Connecticut",9,2008,197,3545579,5.6,0.192,1,1,1
"119","Connecticut",9,2009,172,3561807,4.8,0.185,1,1,1
"120","Connecticut",9,2010,209,3574097,5.8,0.172,1,1,1
"121","Connecticut",9,2011,208,3580709,5.8,0.163,1,1,1
"122","Connecticut",9,2012,225,3590347,6.3,0.183,1,1,1
"123","Connecticut",9,2013,158,3596080,4.4,0.141,1,1,1
"124","Connecticut",9,2014,184,3596677,5.1,0.2,1,1,1
"125","Connecticut",9,2015,185,3590886,5.2,0.192,1,1,1
"126","Connecticut",9,2016,168,3576452,4.7,0.188,1,1,1
"127","Delaware",10,1999,63,774990,8.1,0.319,0,0,0
"128","Delaware",10,2000,49,783600,6.3,0.352,0,0,0
"129","Delaware",10,2001,72,795699,9,0.3,0,0,0
"130","Delaware",10,2002,66,806169,8.2,0.317,0,0,0
"131","Delaware",10,2003,63,818003,7.7,0.304,0,0,0
"132","Delaware",10,2004,73,830803,8.8,0.331,0,0,0
"133","Delaware",10,2005,75,845150,8.9,0.3,0,0,0
"134","Delaware",10,2006,76,859268,8.8,0.303,0,0,0
"135","Delaware",10,2007,78,871749,8.9,0.262,0,0,0
"136","Delaware",10,2008,95,883874,10.7,0.263,0,0,0
"137","Delaware",10,2009,74,891730,8.3,0.265,0,0,0
"138","Delaware",10,2010,88,897934,9.8,0.269,0,0,0
"139","Delaware",10,2011,77,907135,8.5,0.309,0,0,0
"140","Delaware",10,2012,92,917092,10,0.308,0,0,0
"141","Delaware",10,2013,99,925749,10.7,0.289,1,0,0
"142","Delaware",10,2014,98,935614,10.5,0.301,1,0,0
"143","Delaware",10,2015,110,945934,11.6,0.32,1,0,0
"144","Delaware",10,2016,109,952065,11.4,0.387,1,0,0
"145","Florida",12,1999,1695,15759421,10.8,0.33,0,0,0
"146","Florida",12,2000,1664,15982378,10.4,0.32,0,0,0
"147","Florida",12,2001,1784,16356966,10.9,0.268,0,0,0
"148","Florida",12,2002,1848,16689370,11.1,0.277,0,0,0
"149","Florida",12,2003,1905,17004085,11.2,0.266,0,0,0
"150","Florida",12,2004,1858,17415318,10.7,0.234,0,0,0
"151","Florida",12,2005,1801,17842038,10.1,0.295,0,0,0
"152","Florida",12,2006,2040,18166990,11.2,0.282,0,0,0
"153","Florida",12,2007,2235,18367842,12.2,0.261,0,0,0
"154","Florida",12,2008,2295,18527305,12.4,0.303,0,0,0
"155","Florida",12,2009,2283,18652644,12.2,0.281,0,0,0
"156","Florida",12,2010,2236,18801310,11.9,0.27,0,0,0
"157","Florida",12,2011,2325,19057542,12.2,0.325,0,0,0
"158","Florida",12,2012,2427,19317568,12.6,0.309,0,0,0
"159","Florida",12,2013,2393,19552860,12.2,0.279,0,0,0
"160","Florida",12,2014,2358,19893297,11.9,0.284,0,0,0
"161","Florida",12,2015,2513,20271272,12.4,0.277,0,0,0
"162","Florida",12,2016,2677,20612439,13,0.288,0,0,0
"163","Georgia",13,1999,1081,8045965,13.4,0.488,0,0,0
"164","Georgia",13,2000,1051,8186453,12.8,0.467,0,0,0
"165","Georgia",13,2001,1092,8377038,13,0.427,0,0,0
"166","Georgia",13,2002,1099,8508256,12.9,0.442,0,0,0
"167","Georgia",13,2003,1155,8622793,13.4,0.396,0,0,0
"168","Georgia",13,2004,1031,8769252,11.8,0.43,0,0,0
"169","Georgia",13,2005,1038,8925922,11.6,0.416,0,0,0
"170","Georgia",13,2006,1104,9155813,12.1,0.395,0,0,0
"171","Georgia",13,2007,1209,9349988,12.9,0.388,0,0,0
"172","Georgia",13,2008,1136,9504843,12,0.395,0,0,0
"173","Georgia",13,2009,1210,9620846,12.6,0.453,0,0,0
"174","Georgia",13,2010,1174,9687653,12.1,0.364,0,0,0
"175","Georgia",13,2011,1191,9815210,12.1,0.421,0,0,0
"176","Georgia",13,2012,1237,9919945,12.5,0.401,0,0,0
"177","Georgia",13,2013,1224,9992167,12.2,0.379,0,0,0
"178","Georgia",13,2014,1352,10097343,13.4,0.382,0,0,0
"179","Georgia",13,2015,1411,10214860,13.8,0.361,0,0,0
"180","Georgia",13,2016,1536,10310371,14.9,0.377,0,0,0
"181","Hawaii",15,1999,42,1210300,3.5,0.075,1,1,1
"182","Hawaii",15,2000,47,1211537,3.9,0.124,1,1,1
"183","Hawaii",15,2001,43,1225948,3.5,0.103,1,1,1
"184","Hawaii",15,2002,36,1239613,2.9,0.098,1,1,1
"185","Hawaii",15,2003,35,1251154,2.8,0.063,1,1,1
"186","Hawaii",15,2004,39,1273569,3.1,0.2,1,1,1
"187","Hawaii",15,2005,28,1292729,2.2,0.072,1,1,1
"188","Hawaii",15,2006,30,1309731,2.3,0.116,1,1,1
"189","Hawaii",15,2007,34,1315675,2.6,0.064,1,1,1
"190","Hawaii",15,2008,40,1332213,3,0.099,1,1,1
"191","Hawaii",15,2009,46,1346717,3.4,0.062,1,1,1
"192","Hawaii",15,2010,44,1360301,3.2,0.084,1,1,1
"193","Hawaii",15,2011,45,1374810,3.3,0.081,1,1,1
"194","Hawaii",15,2012,49,1392313,3.5,0.12,1,1,1
"195","Hawaii",15,2013,35,1404054,2.5,0.073,1,1,1
"196","Hawaii",15,2014,38,1419561,2.7,0.034,1,1,1
"197","Hawaii",15,2015,50,1431603,3.5,0.096,1,1,1
"198","Hawaii",15,2016,59,1428557,4.1,0.091,1,1,1
"199","Idaho",16,1999,142,1275674,11.1,0.583,0,0,0
"200","Idaho",16,2000,121,1293953,9.4,0.609,0,0,0
"201","Idaho",16,2001,162,1319962,12.3,0.573,0,0,0
"202","Idaho",16,2002,153,1340372,11.4,0.576,0,0,0
"203","Idaho",16,2003,160,1363380,11.7,0.51,0,0,0
"204","Idaho",16,2004,168,1391802,12.1,0.557,0,0,0
"205","Idaho",16,2005,189,1428241,13.2,0.589,0,0,0
"206","Idaho",16,2006,172,1468669,11.7,0.554,0,0,0
"207","Idaho",16,2007,176,1505105,11.7,0.561,0,0,0
"208","Idaho",16,2008,164,1534320,10.7,0.543,0,0,0
"209","Idaho",16,2009,186,1554439,12,0.541,0,0,0
"210","Idaho",16,2010,195,1567582,12.4,0.523,0,0,0
"211","Idaho",16,2011,187,1584985,11.8,0.466,0,0,0
"212","Idaho",16,2012,196,1595728,12.3,0.552,0,0,0
"213","Idaho",16,2013,216,1612136,13.4,0.542,0,0,0
"214","Idaho",16,2014,205,1634464,12.5,0.53,0,0,0
"215","Idaho",16,2015,238,1654930,14.4,0.509,0,0,0
"216","Idaho",16,2016,230,1683140,13.7,0.578,0,0,0
"217","Illinois",17,1999,1182,12359020,9.6,0.279,0,1,0
"218","Illinois",17,2000,1114,12419293,9,0.286,0,1,0
"219","Illinois",17,2001,1260,12488445,10.1,0.218,0,1,0
"220","Illinois",17,2002,1208,12525556,9.6,0.232,0,1,0
"221","Illinois",17,2003,1115,12556006,8.9,0.218,0,1,0
"222","Illinois",17,2004,971,12589773,7.7,0.226,0,1,0
"223","Illinois",17,2005,997,12609903,7.9,0.23,0,1,0
"224","Illinois",17,2006,1008,12643955,8,0.245,0,1,0
"225","Illinois",17,2007,1004,12695866,7.9,0.225,0,1,0
"226","Illinois",17,2008,1076,12747038,8.4,0.205,0,1,0
"227","Illinois",17,2009,1034,12796778,8.1,0.243,0,1,0
"228","Illinois",17,2010,1032,12830632,8,0.243,0,1,0
"229","Illinois",17,2011,1077,12869257,8.4,0.243,0,1,0
"230","Illinois",17,2012,1147,12875255,8.9,0.266,0,1,0
"231","Illinois",17,2013,1083,12882135,8.4,0.244,0,1,0
"232","Illinois",17,2014,1160,12880580,9,0.238,0,1,0
"233","Illinois",17,2015,1194,12859995,9.3,0.238,0,1,0
"234","Illinois",17,2016,1463,12801539,11.4,0.226,0,1,0
"235","Indiana",18,1999,649,6044969,10.7,0.405,0,0,0
"236","Indiana",18,2000,639,6080485,10.5,0.444,0,0,0
"237","Indiana",18,2001,705,6127760,11.5,0.387,0,0,0
"238","Indiana",18,2002,693,6155967,11.3,0.408,0,0,0
"239","Indiana",18,2003,671,6196638,10.8,0.364,0,0,0
"240","Indiana",18,2004,617,6233007,9.9,0.391,0,0,0
"241","Indiana",18,2005,682,6278616,10.9,0.37,0,0,0
"242","Indiana",18,2006,714,6332669,11.3,0.386,0,0,0
"243","Indiana",18,2007,650,6379599,10.2,0.358,0,0,0
"244","Indiana",18,2008,695,6424806,10.8,0.374,0,0,0
"245","Indiana",18,2009,709,6459325,11,0.4,0,0,0
"246","Indiana",18,2010,686,6483802,10.6,0.391,0,0,0
"247","Indiana",18,2011,614,6516922,9.4,0.351,0,0,0
"248","Indiana",18,2012,773,6537334,11.8,0.432,0,0,0
"249","Indiana",18,2013,827,6570902,12.6,0.406,0,0,0
"250","Indiana",18,2014,794,6596855,12,0.424,0,0,0
"251","Indiana",18,2015,820,6619680,12.4,0.394,0,0,0
"252","Indiana",18,2016,966,6633053,14.6,0.424,0,0,0
"253","Iowa",19,1999,192,2917634,6.6,0.397,1,1,1
"254","Iowa",19,2000,182,2926324,6.2,0.477,1,1,1
"255","Iowa",19,2001,182,2931997,6.2,0.398,1,1,1
"256","Iowa",19,2002,188,2934234,6.4,0.417,1,1,1
"257","Iowa",19,2003,203,2941999,6.9,0.389,1,1,1
"258","Iowa",19,2004,186,2953635,6.3,0.423,1,1,1
"259","Iowa",19,2005,193,2964454,6.5,0.359,1,1,1
"260","Iowa",19,2006,188,2982644,6.3,0.375,1,1,1
"261","Iowa",19,2007,151,2999212,5,0.388,1,1,1
"262","Iowa",19,2008,218,3016734,7.2,0.396,1,1,1
"263","Iowa",19,2009,186,3032870,6.1,0.387,1,1,1
"264","Iowa",19,2010,211,3046355,6.9,0.411,1,1,1
"265","Iowa",19,2011,218,3062309,7.1,0.376,1,1,1
"266","Iowa",19,2012,211,3074186,6.9,0.409,1,1,1
"267","Iowa",19,2013,247,3090416,8,0.401,1,1,1
"268","Iowa",19,2014,233,3107126,7.5,0.331,1,1,1
"269","Iowa",19,2015,241,3123899,7.7,0.36,1,1,1
"270","Iowa",19,2016,278,3134693,8.9,0.385,1,1,1
"271","Kansas",20,1999,258,2678338,9.6,0.433,0,0,0
"272","Kansas",20,2000,291,2688418,10.8,0.469,0,0,0
"273","Kansas",20,2001,254,2702162,9.4,0.417,0,0,0
"274","Kansas",20,2002,259,2713535,9.5,0.418,0,0,0
"275","Kansas",20,2003,290,2723004,10.7,0.437,0,0,0
"276","Kansas",20,2004,290,2734373,10.6,0.428,0,0,0
"277","Kansas",20,2005,250,2745299,9.1,0.392,0,0,0
"278","Kansas",20,2006,287,2762931,10.4,0.426,0,0,0
"279","Kansas",20,2007,285,2783785,10.2,0.447,0,0,0
"280","Kansas",20,2008,264,2808076,9.4,0.421,0,0,0
"281","Kansas",20,2009,296,2832704,10.4,0.43,0,0,0
"282","Kansas",20,2010,280,2853118,9.8,0.439,0,0,0
"283","Kansas",20,2011,316,2871238,11,0.444,0,0,0
"284","Kansas",20,2012,368,2885905,12.8,0.455,0,0,0
"285","Kansas",20,2013,322,2893957,11.1,0.452,0,0,0
"286","Kansas",20,2014,313,2904021,10.8,0.419,0,0,0
"287","Kansas",20,2015,320,2911641,11,0.377,0,0,0
"288","Kansas",20,2016,373,2907289,12.8,0.423,0,0,0
"289","Kentucky",21,1999,488,4018053,12.1,0.54,0,0,0
"290","Kentucky",21,2000,511,4041769,12.6,0.553,0,0,0
"291","Kentucky",21,2001,475,4068132,11.7,0.522,0,0,0
"292","Kentucky",21,2002,504,4089875,12.3,0.52,0,0,0
"293","Kentucky",21,2003,521,4117170,12.7,0.507,0,0,0
"294","Kentucky",21,2004,532,4146101,12.8,0.52,0,0,0
"295","Kentucky",21,2005,527,4182742,12.6,0.502,0,0,0
"296","Kentucky",21,2006,504,4219239,11.9,0.476,0,0,0
"297","Kentucky",21,2007,581,4256672,13.6,0.509,0,0,0
"298","Kentucky",21,2008,559,4289878,13,0.499,0,0,0
"299","Kentucky",21,2009,541,4317074,12.5,0.491,0,0,0
"300","Kentucky",21,2010,535,4339367,12.3,0.464,0,0,0
"301","Kentucky",21,2011,593,4369356,13.6,0.529,0,0,0
"302","Kentucky",21,2012,629,4380415,14.4,0.514,0,0,0
"303","Kentucky",21,2013,597,4395295,13.6,0.498,0,0,0
"304","Kentucky",21,2014,616,4413457,14,0.467,0,0,0
"305","Kentucky",21,2015,675,4425092,15.3,0.464,0,0,0
"306","Kentucky",21,2016,736,4436974,16.6,0.525,0,0,0
"307","Louisiana",22,1999,746,4460811,16.7,0.513,0,0,0
"308","Louisiana",22,2000,757,4468976,16.9,0.505,0,0,0
"309","Louisiana",22,2001,755,4477875,16.9,0.45,0,0,0
"310","Louisiana",22,2002,822,4497267,18.3,0.485,0,0,0
"311","Louisiana",22,2003,791,4521042,17.5,0.476,0,0,0
"312","Louisiana",22,2004,858,4552238,18.8,0.491,0,0,0
"313","Louisiana",22,2005,812,4576628,17.7,0.486,0,0,0
"314","Louisiana",22,2006,781,4302665,18.2,0.483,0,0,0
"315","Louisiana",22,2007,830,4375581,19,0.476,0,0,0
"316","Louisiana",22,2008,789,4435586,17.8,0.492,0,0,0
"317","Louisiana",22,2009,784,4491648,17.5,0.458,0,0,0
"318","Louisiana",22,2010,820,4533372,18.1,0.454,0,0,0
"319","Louisiana",22,2011,812,4574836,17.7,0.467,0,0,0
"320","Louisiana",22,2012,809,4601893,17.6,0.551,0,0,0
"321","Louisiana",22,2013,861,4625470,18.6,0.487,0,0,0
"322","Louisiana",22,2014,872,4649676,18.8,0.481,0,0,0
"323","Louisiana",22,2015,931,4670724,19.9,0.456,0,0,0
"324","Louisiana",22,2016,972,4681666,20.8,0.523,0,0,0
"325","Maine",23,1999,107,1266808,8.4,0.441,0,0,0
"326","Maine",23,2000,109,1274923,8.5,0.466,0,0,0
"327","Maine",23,2001,94,1285692,7.3,0.403,0,0,0
"328","Maine",23,2002,87,1295960,6.7,0.41,0,0,0
"329","Maine",23,2003,77,1306513,5.9,0.421,0,0,0
"330","Maine",23,2004,108,1313688,8.2,0.411,0,0,0
"331","Maine",23,2005,108,1318787,8.2,0.425,0,0,0
"332","Maine",23,2006,103,1323619,7.8,0.431,0,0,0
"333","Maine",23,2007,105,1327040,7.9,0.457,0,0,0
"334","Maine",23,2008,116,1330509,8.7,0.462,0,0,0
"335","Maine",23,2009,121,1329590,9.1,0.441,0,0,0
"336","Maine",23,2010,108,1328361,8.1,0.46,0,0,0
"337","Maine",23,2011,129,1328188,9.7,0.47,0,0,0
"338","Maine",23,2012,128,1329192,9.6,0.46,0,0,0
"339","Maine",23,2013,152,1328302,11.4,0.496,0,0,0
"340","Maine",23,2014,127,1330089,9.5,0.423,0,0,0
"341","Maine",23,2015,142,1329328,10.7,0.413,0,0,0
"342","Maine",23,2016,120,1331479,9,0.477,0,0,0
"343","Maryland",24,1999,642,5254509,12.2,0.298,1,0,0
"344","Maryland",24,2000,602,5296486,11.4,0.265,1,0,0
"345","Maryland",24,2001,588,5374691,10.9,0.249,1,0,0
"346","Maryland",24,2002,601,5440389,11,0.252,1,0,0
"347","Maryland",24,2003,636,5496269,11.6,0.24,1,0,0
"348","Maryland",24,2004,637,5546935,11.5,0.236,1,0,0
"349","Maryland",24,2005,646,5592379,11.6,0.266,1,0,0
"350","Maryland",24,2006,657,5627367,11.7,0.237,1,0,0
"351","Maryland",24,2007,658,5653408,11.6,0.206,1,0,0
"352","Maryland",24,2008,644,5684965,11.3,0.235,1,0,0
"353","Maryland",24,2009,570,5730388,9.9,0.218,1,0,0
"354","Maryland",24,2010,529,5773552,9.2,0.196,1,0,0
"355","Maryland",24,2011,519,5828289,8.9,0.266,1,0,0
"356","Maryland",24,2012,568,5884563,9.7,0.213,1,0,0
"357","Maryland",24,2013,558,5928814,9.4,0.18,1,1,1
"358","Maryland",24,2014,528,5976407,8.8,0.219,1,1,1
"359","Maryland",24,2015,694,6006401,11.6,0.201,1,1,1
"360","Maryland",24,2016,688,6016447,11.4,0.167,1,1,1
"361","Massachusetts",25,1999,193,6317345,3.1,0.136,0,1,0
"362","Massachusetts",25,2000,173,6349097,2.7,0.126,0,1,0
"363","Massachusetts",25,2001,190,6397634,3,0.121,0,1,0
"364","Massachusetts",25,2002,195,6417206,3,0.115,0,1,0
"365","Massachusetts",25,2003,202,6422565,3.1,0.129,0,1,0
"366","Massachusetts",25,2004,202,6412281,3.2,0.104,0,1,0
"367","Massachusetts",25,2005,219,6403290,3.4,0.103,0,1,0
"368","Massachusetts",25,2006,206,6410084,3.2,0.116,0,1,0
"369","Massachusetts",25,2007,229,6431559,3.6,0.075,0,1,0
"370","Massachusetts",25,2008,217,6468967,3.4,0.096,0,1,0
"371","Massachusetts",25,2009,202,6517613,3.1,0.091,0,1,0
"372","Massachusetts",25,2010,266,6547629,4.1,0.122,0,1,0
"373","Massachusetts",25,2011,244,6587536,3.7,0.135,0,1,0
"374","Massachusetts",25,2012,224,6646144,3.4,0.111,0,1,0
"375","Massachusetts",25,2013,198,6692824,3,0.085,0,1,0
"376","Massachusetts",25,2014,220,6745408,3.3,0.1,0,1,0
"377","Massachusetts",25,2015,204,6794422,3,0.088,0,1,0
"378","Massachusetts",25,2016,230,6811779,3.4,0.09,0,1,0
"379","Michigan",26,1999,1065,9897116,10.8,0.368,1,1,1
"380","Michigan",26,2000,1041,9938444,10.5,0.401,1,1,1
"381","Michigan",26,2001,1049,9991120,10.5,0.38,1,1,1
"382","Michigan",26,2002,1073,10015710,10.7,0.388,1,1,1
"383","Michigan",26,2003,1010,10041152,10.1,0.359,1,1,1
"384","Michigan",26,2004,1029,10055315,10.2,0.384,1,1,1
"385","Michigan",26,2005,1049,10051137,10.4,0.346,1,1,1
"386","Michigan",26,2006,1140,10036081,11.4,0.372,1,1,1
"387","Michigan",26,2007,1072,10001284,10.7,0.334,1,1,1
"388","Michigan",26,2008,1065,9946889,10.7,0.315,1,1,1
"389","Michigan",26,2009,1076,9901591,10.9,0.354,1,1,1
"390","Michigan",26,2010,1049,9883640,10.6,0.342,1,1,1
"391","Michigan",26,2011,1134,9876187,11.5,0.325,1,1,1
"392","Michigan",26,2012,1209,9883360,12.2,0.391,1,1,1
"393","Michigan",26,2013,1173,9895622,11.9,0.36,1,1,1
"394","Michigan",26,2014,1085,9909877,10.9,0.347,1,1,1
"395","Michigan",26,2015,1140,9922576,11.5,0.358,1,1,1
"396","Michigan",26,2016,1211,9928300,12.2,0.389,1,1,1
"397","Minnesota",27,1999,286,4873481,5.9,0.411,0,0,0
"398","Minnesota",27,2000,305,4919479,6.2,0.447,0,0,0
"399","Minnesota",27,2001,316,4982796,6.3,0.405,0,0,0
"400","Minnesota",27,2002,297,5018935,5.9,0.409,0,0,0
"401","Minnesota",27,2003,322,5053572,6.4,0.405,0,0,0
"402","Minnesota",27,2004,359,5087713,7.1,0.406,0,0,0
"403","Minnesota",27,2005,350,5119598,6.8,0.387,0,0,0
"404","Minnesota",27,2006,324,5163555,6.3,0.373,0,0,0
"405","Minnesota",27,2007,337,5207203,6.5,0.403,0,0,0
"406","Minnesota",27,2008,367,5247018,7,0.386,0,0,0
"407","Minnesota",27,2009,328,5281203,6.2,0.396,0,0,0
"408","Minnesota",27,2010,351,5303925,6.6,0.41,0,0,0
"409","Minnesota",27,2011,385,5344861,7.2,0.411,0,0,0
"410","Minnesota",27,2012,372,5379139,6.9,0.382,0,0,0
"411","Minnesota",27,2013,419,5420380,7.7,0.424,0,0,0
"412","Minnesota",27,2014,372,5457173,6.8,0.353,0,0,0
"413","Minnesota",27,2015,400,5489594,7.3,0.341,0,0,0
"414","Minnesota",27,2016,417,5519952,7.6,0.391,0,0,0
"415","Mississippi",28,1999,468,2828408,16.5,0.57,0,0,0
"416","Mississippi",28,2000,442,2844658,15.5,0.536,0,0,0
"417","Mississippi",28,2001,475,2852994,16.6,0.545,0,0,0
"418","Mississippi",28,2002,466,2858681,16.3,0.541,0,0,0
"419","Mississippi",28,2003,451,2868312,15.7,0.541,0,0,0
"420","Mississippi",28,2004,449,2889010,15.5,0.53,0,0,0
"421","Mississippi",28,2005,433,2905943,14.9,0.5,0,0,0
"422","Mississippi",28,2006,449,2904978,15.5,0.49,0,0,0
"423","Mississippi",28,2007,507,2928350,17.3,0.522,0,0,0
"424","Mississippi",28,2008,539,2947806,18.3,0.497,0,0,0
"425","Mississippi",28,2009,469,2958774,15.9,0.478,0,0,0
"426","Mississippi",28,2010,465,2967297,15.7,0.48,0,0,0
"427","Mississippi",28,2011,498,2978512,16.7,0.498,0,0,0
"428","Mississippi",28,2012,518,2984926,17.4,0.568,0,0,0
"429","Mississippi",28,2013,506,2991207,16.9,0.502,0,0,0
"430","Mississippi",28,2014,523,2994079,17.5,0.488,0,0,0
"431","Mississippi",28,2015,567,2992333,18.9,0.474,0,0,0
"432","Mississippi",28,2016,560,2988726,18.7,0.541,0,0,0
"433","Missouri",29,1999,681,5561948,12.2,0.426,1,1,1
"434","Missouri",29,2000,710,5595211,12.7,0.461,1,1,1
"435","Missouri",29,2001,717,5641142,12.7,0.446,1,1,1
"436","Missouri",29,2002,681,5674825,12,0.477,1,1,1
"437","Missouri",29,2003,637,5709403,11.2,0.433,1,1,1
"438","Missouri",29,2004,647,5747741,11.3,0.451,1,1,1
"439","Missouri",29,2005,727,5790300,12.6,0.417,1,1,1
"440","Missouri",29,2006,743,5842704,12.7,0.445,1,1,1
"441","Missouri",29,2007,732,5887612,12.4,0.449,0,0,0
"442","Missouri",29,2008,787,5923916,13.3,0.487,0,0,0
"443","Missouri",29,2009,797,5961088,13.4,0.47,0,0,0
"444","Missouri",29,2010,827,5988927,13.8,0.463,0,0,0
"445","Missouri",29,2011,826,6010688,13.7,0.434,0,0,0
"446","Missouri",29,2012,862,6021988,14.3,0.511,0,0,0
"447","Missouri",29,2013,856,6044171,14.2,0.486,0,0,0
"448","Missouri",29,2014,919,6063589,15.2,0.497,0,0,0
"449","Missouri",29,2015,1069,6083672,17.6,0.488,0,0,0
"450","Missouri",29,2016,1122,6093000,18.4,0.528,0,0,0
"451","Montana",30,1999,114,897507,12.7,0.581,0,0,0
"452","Montana",30,2000,126,902195,14,0.646,0,0,0
"453","Montana",30,2001,156,906961,17.2,0.623,0,0,0
"454","Montana",30,2002,130,911667,14.3,0.626,0,0,0
"455","Montana",30,2003,140,919630,15.2,0.632,0,0,0
"456","Montana",30,2004,118,930009,12.7,0.62,0,0,0
"457","Montana",30,2005,154,940102,16.4,0.694,0,0,0
"458","Montana",30,2006,113,952692,11.9,0.614,0,0,0
"459","Montana",30,2007,135,964706,14,0.639,0,0,0
"460","Montana",30,2008,149,976415,15.3,0.69,0,0,0
"461","Montana",30,2009,158,983982,16.1,0.625,0,0,0
"462","Montana",30,2010,159,989415,16.1,0.621,0,0,0
"463","Montana",30,2011,163,998199,16.3,0.603,0,0,0
"464","Montana",30,2012,163,1005141,16.2,0.658,0,0,0
"465","Montana",30,2013,161,1015165,15.9,0.633,0,0,0
"466","Montana",30,2014,165,1023579,16.1,0.64,0,0,0
"467","Montana",30,2015,197,1032949,19.1,0.608,0,0,0
"468","Montana",30,2016,185,1042520,17.7,0.65,0,0,0
"469","Nebraska",31,1999,140,1704764,8.2,0.455,0,1,0
"470","Nebraska",31,2000,159,1711263,9.3,0.486,0,1,0
"471","Nebraska",31,2001,132,1719836,7.7,0.4,0,1,0
"472","Nebraska",31,2002,134,1728292,7.8,0.419,0,1,0
"473","Nebraska",31,2003,125,1738643,7.2,0.391,0,1,0
"474","Nebraska",31,2004,111,1749370,6.3,0.466,0,1,0
"475","Nebraska",31,2005,131,1761497,7.4,0.371,0,1,0
"476","Nebraska",31,2006,137,1772693,7.7,0.351,0,1,0
"477","Nebraska",31,2007,135,1783440,7.6,0.426,0,1,0
"478","Nebraska",31,2008,147,1796378,8.2,0.34,0,1,0
"479","Nebraska",31,2009,126,1812683,7,0.415,0,1,0
"480","Nebraska",31,2010,149,1826341,8.2,0.425,0,1,0
"481","Nebraska",31,2011,155,1842641,8.4,0.418,0,1,0
"482","Nebraska",31,2012,161,1855525,8.7,0.416,0,1,0
"483","Nebraska",31,2013,163,1868516,8.7,0.405,0,1,0
"484","Nebraska",31,2014,173,1881503,9.2,0.365,0,1,0
"485","Nebraska",31,2015,164,1896190,8.6,0.362,0,1,0
"486","Nebraska",31,2016,162,1907116,8.5,0.392,0,1,0
"487","Nevada",32,1999,365,1934718,18.9,0.433,0,0,0
"488","Nevada",32,2000,334,1998257,16.7,0.471,0,0,0
"489","Nevada",32,2001,332,2098399,15.8,0.369,0,0,0
"490","Nevada",32,2002,363,2173791,16.7,0.386,0,0,0
"491","Nevada",32,2003,363,2248850,16.1,0.36,0,0,0
"492","Nevada",32,2004,374,2346222,15.9,0.392,0,0,0
"493","Nevada",32,2005,378,2432143,15.5,0.36,0,0,0
"494","Nevada",32,2006,389,2522658,15.4,0.351,0,0,0
"495","Nevada",32,2007,407,2601072,15.6,0.397,0,0,0
"496","Nevada",32,2008,395,2653630,14.9,0.371,0,0,0
"497","Nevada",32,2009,394,2684665,14.7,0.391,0,0,0
"498","Nevada",32,2010,383,2700551,14.2,0.372,0,0,0
"499","Nevada",32,2011,360,2723322,13.2,0.318,0,0,0
"500","Nevada",32,2012,352,2758931,12.8,0.377,0,0,0
"501","Nevada",32,2013,386,2790136,13.8,0.351,0,0,0
"502","Nevada",32,2014,419,2839099,14.8,0.344,0,0,0
"503","Nevada",32,2015,428,2890845,14.8,0.328,0,0,0
"504","Nevada",32,2016,487,2940058,16.6,0.329,0,0,0
"505","New Hampshire",33,1999,71,1222014,5.8,0.374,0,0,0
"506","New Hampshire",33,2000,76,1235786,6.1,0.391,0,0,0
"507","New Hampshire",33,2001,88,1255517,7,0.31,0,0,0
"508","New Hampshire",33,2002,71,1269089,5.6,0.317,0,0,0
"509","New Hampshire",33,2003,84,1279840,6.6,0.33,0,0,0
"510","New Hampshire",33,2004,68,1290121,5.3,0.315,0,0,0
"511","New Hampshire",33,2005,87,1298492,6.7,0.364,0,0,0
"512","New Hampshire",33,2006,81,1308389,6.2,0.364,0,0,0
"513","New Hampshire",33,2007,77,1312540,5.9,0.364,0,0,0
"514","New Hampshire",33,2008,92,1315906,7,0.368,0,0,0
"515","New Hampshire",33,2009,88,1316102,6.7,0.383,0,0,0
"516","New Hampshire",33,2010,112,1316470,8.5,0.394,0,0,0
"517","New Hampshire",33,2011,86,1318194,6.5,0.385,0,0,0
"518","New Hampshire",33,2012,112,1320718,8.5,0.394,0,0,0
"519","New Hampshire",33,2013,88,1323459,6.6,0.406,0,0,0
"520","New Hampshire",33,2014,118,1326813,8.9,0.381,0,0,0
"521","New Hampshire",33,2015,119,1330608,8.9,0.372,0,0,0
"522","New Hampshire",33,2016,131,1334795,9.8,0.463,0,0,0
"523","New Jersey",34,1999,353,8359592,4.2,0.144,0,1,0
"524","New Jersey",34,2000,329,8414350,3.9,0.108,0,1,0
"525","New Jersey",34,2001,354,8492671,4.2,0.122,0,1,0
"526","New Jersey",34,2002,385,8552643,4.5,0.117,0,1,0
"527","New Jersey",34,2003,440,8601402,5.1,0.112,0,1,0
"528","New Jersey",34,2004,439,8634561,5.1,0.108,0,1,0
"529","New Jersey",34,2005,425,8651974,4.9,0.106,0,1,0
"530","New Jersey",34,2006,477,8661679,5.5,0.118,0,1,0
"531","New Jersey",34,2007,441,8677885,5.1,0.063,0,1,0
"532","New Jersey",34,2008,419,8711090,4.8,0.088,0,1,0
"533","New Jersey",34,2009,402,8755602,4.6,0.098,0,1,0
"534","New Jersey",34,2010,447,8791894,5.1,0.085,0,1,0
"535","New Jersey",34,2011,469,8821155,5.3,0.102,0,1,0
"536","New Jersey",34,2012,437,8864590,4.9,0.07,0,1,0
"537","New Jersey",34,2013,497,8899339,5.6,0.056,0,1,0
"538","New Jersey",34,2014,459,8938175,5.1,0.097,0,1,0
"539","New Jersey",34,2015,463,8958013,5.2,0.081,0,1,0
"540","New Jersey",34,2016,475,8944469,5.3,0.089,0,1,0
"541","New Mexico",35,1999,273,1808082,15.1,0.446,0,0,0
"542","New Mexico",35,2000,275,1819046,15.1,0.438,0,0,0
"543","New Mexico",35,2001,256,1831690,14,0.391,0,0,0
"544","New Mexico",35,2002,292,1855309,15.7,0.431,0,0,0
"545","New Mexico",35,2003,299,1877574,15.9,0.407,0,0,0
"546","New Mexico",35,2004,277,1903808,14.5,0.391,0,0,0
"547","New Mexico",35,2005,256,1932274,13.2,0.406,0,0,0
"548","New Mexico",35,2006,270,1962137,13.8,0.392,0,0,0
"549","New Mexico",35,2007,277,1990070,13.9,0.428,0,0,0
"550","New Mexico",35,2008,286,2010662,14.2,0.357,0,0,0
"551","New Mexico",35,2009,291,2036802,14.3,0.375,0,0,0
"552","New Mexico",35,2010,282,2059179,13.7,0.375,0,0,0
"553","New Mexico",35,2011,296,2082224,14.2,0.366,0,0,0
"554","New Mexico",35,2012,314,2085538,15.1,0.403,0,0,0
"555","New Mexico",35,2013,310,2085287,14.9,0.482,0,0,0
"556","New Mexico",35,2014,324,2085572,15.5,0.356,0,0,0
"557","New Mexico",35,2015,371,2085109,17.8,0.37,0,0,0
"558","New Mexico",35,2016,363,2081015,17.4,0.359,0,0,0
"559","New York",36,1999,985,18882725,5.2,0.197,1,1,1
"560","New York",36,2000,1058,18976457,5.6,0.197,1,1,1
"561","New York",36,2001,1038,19082838,5.4,0.182,1,1,1
"562","New York",36,2002,965,19137800,5,0.177,1,1,1
"563","New York",36,2003,1003,19175939,5.2,0.157,1,1,1
"564","New York",36,2004,920,19171567,4.8,0.174,1,1,1
"565","New York",36,2005,977,19132610,5.1,0.192,1,1,1
"566","New York",36,2006,984,19104631,5.2,0.164,1,1,1
"567","New York",36,2007,967,19132335,5.1,0.14,1,1,1
"568","New York",36,2008,944,19212436,4.9,0.142,1,1,1
"569","New York",36,2009,929,19307066,4.8,0.152,1,1,1
"570","New York",36,2010,990,19378102,5.1,0.143,1,1,1
"571","New York",36,2011,974,19465197,5,0.158,1,1,1
"572","New York",36,2012,955,19570261,4.9,0.154,1,1,1
"573","New York",36,2013,848,19651127,4.3,0.124,1,1,1
"574","New York",36,2014,852,19746227,4.3,0.126,1,1,1
"575","New York",36,2015,834,19795791,4.2,0.119,1,1,1
"576","New York",36,2016,883,19745289,4.5,0.145,1,1,1
"577","North Carolina",37,1999,1031,7949361,13,0.417,0,1,0
"578","North Carolina",37,2000,1082,8049313,13.4,0.426,0,1,0
"579","North Carolina",37,2001,1055,8210122,12.8,0.382,0,1,0
"580","North Carolina",37,2002,1102,8326201,13.2,0.397,0,1,0
"581","North Carolina",37,2003,1021,8422501,12.1,0.374,0,1,0
"582","North Carolina",37,2004,1029,8553152,12,0.383,0,1,0
"583","North Carolina",37,2005,1087,8705407,12.5,0.375,0,1,0
"584","North Carolina",37,2006,1108,8917270,12.4,0.351,0,1,0
"585","North Carolina",37,2007,1073,9118037,11.8,0.36,0,1,0
"586","North Carolina",37,2008,1144,9309449,12.3,0.345,0,1,0
"587","North Carolina",37,2009,1092,9449566,11.6,0.341,0,1,0
"588","North Carolina",37,2010,1091,9535483,11.4,0.35,0,1,0
"589","North Carolina",37,2011,1114,9656401,11.5,0.406,0,1,0
"590","North Carolina",37,2012,1139,9752073,11.7,0.379,0,1,0
"591","North Carolina",37,2013,1198,9848060,12.2,0.355,0,1,0
"592","North Carolina",37,2014,1157,9943964,11.6,0.334,0,1,0
"593","North Carolina",37,2015,1233,10042802,12.3,0.316,0,1,0
"594","North Carolina",37,2016,1358,10146788,13.4,0.371,0,1,0
"595","North Dakota",38,1999,48,644259,7.5,0.56,0,0,0
"596","North Dakota",38,2000,41,642200,6.4,0.55,0,0,0
"597","North Dakota",38,2001,47,639062,7.4,0.503,0,0,0
"598","North Dakota",38,2002,56,638168,8.8,0.517,0,0,0
"599","North Dakota",38,2003,55,638817,8.6,0.51,0,0,0
"600","North Dakota",38,2004,49,644705,7.6,0.546,0,0,0
"601","North Dakota",38,2005,59,646089,9.1,0.546,0,0,0
"602","North Dakota",38,2006,45,649422,6.9,0.484,0,0,0
"603","North Dakota",38,2007,55,652822,8.4,0.538,0,0,0
"604","North Dakota",38,2008,56,657569,8.5,0.586,0,0,0
"605","North Dakota",38,2009,55,664968,8.3,0.537,0,0,0
"606","North Dakota",38,2010,64,672591,9.5,0.543,0,0,0
"607","North Dakota",38,2011,59,683932,8.6,0.541,0,0,0
"608","North Dakota",38,2012,71,699628,10.1,0.561,0,0,0
"609","North Dakota",38,2013,84,723393,11.6,0.567,0,0,0
"610","North Dakota",38,2014,94,739482,12.7,0.57,0,0,0
"611","North Dakota",38,2015,90,756927,11.9,0.504,0,0,0
"612","North Dakota",38,2016,87,757952,11.5,0.533,0,0,0
"613","Ohio",39,1999,893,11335454,7.9,0.365,0,0,0
"614","Ohio",39,2000,848,11353140,7.5,0.351,0,0,0
"615","Ohio",39,2001,995,11387404,8.7,0.324,0,0,0
"616","Ohio",39,2002,1040,11407889,9.1,0.321,0,0,0
"617","Ohio",39,2003,899,11434788,7.9,0.335,0,0,0
"618","Ohio",39,2004,1007,11452251,8.8,0.328,0,0,0
"619","Ohio",39,2005,1081,11463320,9.4,0.348,0,0,0
"620","Ohio",39,2006,1082,11481213,9.4,0.353,0,0,0
"621","Ohio",39,2007,1081,11500468,9.4,0.324,0,0,0
"622","Ohio",39,2008,1095,11515391,9.5,0.365,0,0,0
"623","Ohio",39,2009,962,11528896,8.3,0.368,0,0,0
"624","Ohio",39,2010,1130,11536504,9.8,0.357,0,0,0
"625","Ohio",39,2011,1189,11544951,10.3,0.334,0,0,0
"626","Ohio",39,2012,1239,11544225,10.7,0.362,0,0,0
"627","Ohio",39,2013,1255,11570808,10.8,0.359,0,0,0
"628","Ohio",39,2014,1176,11594163,10.1,0.366,0,0,0
"629","Ohio",39,2015,1364,11613423,11.7,0.388,0,0,0
"630","Ohio",39,2016,1497,11614373,12.9,0.419,0,0,0
"631","Oklahoma",40,1999,472,3437147,13.7,0.498,0,0,0
"632","Oklahoma",40,2000,423,3450654,12.3,0.558,0,0,0
"633","Oklahoma",40,2001,461,3467100,13.3,0.48,0,0,0
"634","Oklahoma",40,2002,433,3489080,12.4,0.483,0,0,0
"635","Oklahoma",40,2003,425,3504892,12.1,0.467,0,0,0
"636","Oklahoma",40,2004,438,3525233,12.4,0.495,0,0,0
"637","Oklahoma",40,2005,442,3548597,12.5,0.441,0,0,0
"638","Oklahoma",40,2006,468,3594090,13,0.468,0,0,0
"639","Oklahoma",40,2007,469,3634349,12.9,0.497,0,0,0
"640","Oklahoma",40,2008,496,3668976,13.5,0.508,0,0,0
"641","Oklahoma",40,2009,515,3717572,13.9,0.508,0,0,0
"642","Oklahoma",40,2010,511,3751351,13.6,0.488,0,0,0
"643","Oklahoma",40,2011,608,3791508,16,0.533,0,0,0
"644","Oklahoma",40,2012,604,3814820,15.8,0.563,0,0,0
"645","Oklahoma",40,2013,616,3850568,16,0.537,0,0,0
"646","Oklahoma",40,2014,596,3878051,15.4,0.493,0,0,0
"647","Oklahoma",40,2015,696,3911338,17.8,0.487,0,0,0
"648","Oklahoma",40,2016,757,3923561,19.3,0.549,0,0,0
"649","Oregon",41,1999,371,3393941,10.9,0.515,0,0,0
"650","Oregon",41,2000,366,3421399,10.7,0.516,0,0,0
"651","Oregon",41,2001,328,3467937,9.5,0.415,0,0,0
"652","Oregon",41,2002,358,3513424,10.2,0.422,0,0,0
"653","Oregon",41,2003,385,3547376,10.9,0.427,0,0,0
"654","Oregon",41,2004,366,3569463,10.3,0.407,0,0,0
"655","Oregon",41,2005,379,3613202,10.5,0.484,0,0,0
"656","Oregon",41,2006,371,3670883,10.1,0.451,0,0,0
"657","Oregon",41,2007,374,3722417,10,0.46,0,0,0
"658","Oregon",41,2008,373,3768748,9.9,0.436,0,0,0
"659","Oregon",41,2009,405,3808600,10.6,0.456,0,0,0
"660","Oregon",41,2010,441,3831074,11.5,0.409,0,0,0
"661","Oregon",41,2011,410,3871859,10.6,0.413,0,0,0
"662","Oregon",41,2012,427,3899353,11,0.476,0,0,0
"663","Oregon",41,2013,448,3930065,11.4,0.456,0,0,0
"664","Oregon",41,2014,475,3970239,12,0.462,0,0,0
"665","Oregon",41,2015,468,4028977,11.6,0.407,1,0,0
"666","Oregon",41,2016,495,4093465,12.1,0.414,1,0,0
"667","Pennsylvania",42,1999,1147,12263805,9.4,0.389,1,0,0
"668","Pennsylvania",42,2000,1202,12281054,9.8,0.391,1,0,0
"669","Pennsylvania",42,2001,1141,12298970,9.3,0.363,1,0,0
"670","Pennsylvania",42,2002,1186,12331031,9.6,0.381,1,0,0
"671","Pennsylvania",42,2003,1202,12374658,9.7,0.397,1,0,0
"672","Pennsylvania",42,2004,1236,12410722,10,0.356,1,0,0
"673","Pennsylvania",42,2005,1313,12449990,10.5,0.414,1,0,0
"674","Pennsylvania",42,2006,1330,12510809,10.6,0.382,1,0,0
"675","Pennsylvania",42,2007,1286,12563937,10.2,0.346,1,0,0
"676","Pennsylvania",42,2008,1300,12612285,10.3,0.384,1,0,0
"677","Pennsylvania",42,2009,1311,12666858,10.3,0.371,1,0,0
"678","Pennsylvania",42,2010,1268,12702379,10,0.355,1,0,0
"679","Pennsylvania",42,2011,1406,12742886,11,0.362,1,0,0
"680","Pennsylvania",42,2012,1370,12763536,10.7,0.38,1,0,0
"681","Pennsylvania",42,2013,1412,12773801,11.1,0.368,1,0,0
"682","Pennsylvania",42,2014,1365,12787209,10.7,0.361,1,0,0
"683","Pennsylvania",42,2015,1459,12802503,11.4,0.368,1,0,0
"684","Pennsylvania",42,2016,1524,12784227,11.9,0.402,1,0,0
"685","Rhode Island",44,1999,56,1040402,5.4,0.166,1,1,1
"686","Rhode Island",44,2000,54,1048319,5.2,0.153,1,1,1
"687","Rhode Island",44,2001,45,1057142,4.3,0.134,1,1,1
"688","Rhode Island",44,2002,55,1065995,5.2,0.136,1,1,1
"689","Rhode Island",44,2003,35,1071342,3.3,0.074,1,1,1
"690","Rhode Island",44,2004,40,1074579,3.7,0.116,1,1,1
"691","Rhode Island",44,2005,38,1067916,3.6,0.124,1,1,1
"692","Rhode Island",44,2006,46,1063096,4.3,0.129,1,1,1
"693","Rhode Island",44,2007,37,1057315,3.5,0.072,1,1,1
"694","Rhode Island",44,2008,42,1055003,4,0.092,1,1,1
"695","Rhode Island",44,2009,55,1053646,5.2,0.145,1,1,1
"696","Rhode Island",44,2010,49,1052567,4.7,0.091,1,1,1
"697","Rhode Island",44,2011,33,1051302,3.1,0.1,1,1,1
"698","Rhode Island",44,2012,41,1050292,3.9,0.109,1,1,1
"699","Rhode Island",44,2013,54,1051511,5.1,0.09,1,1,1
"700","Rhode Island",44,2014,34,1055173,3.2,0.1,1,1,1
"701","Rhode Island",44,2015,50,1056298,4.7,0.151,1,1,1
"702","Rhode Island",44,2016,48,1056426,4.5,0.139,1,1,1
"703","South Carolina",45,1999,516,3974682,13,0.468,0,0,0
"704","South Carolina",45,2000,473,4012012,11.8,0.492,0,0,0
"705","South Carolina",45,2001,543,4064995,13.4,0.442,0,0,0
"706","South Carolina",45,2002,535,4107795,13,0.466,0,0,0
"707","South Carolina",45,2003,566,4150297,13.6,0.456,0,0,0
"708","South Carolina",45,2004,551,4210921,13.1,0.436,0,0,0
"709","South Carolina",45,2005,551,4270150,12.9,0.394,0,0,0
"710","South Carolina",45,2006,594,4357847,13.6,0.403,0,0,0
"711","South Carolina",45,2007,573,4444110,12.9,0.415,0,0,0
"712","South Carolina",45,2008,597,4528996,13.2,0.42,0,0,0
"713","South Carolina",45,2009,615,4589872,13.4,0.409,0,0,0
"714","South Carolina",45,2010,622,4625364,13.4,0.418,0,0,0
"715","South Carolina",45,2011,681,4679230,14.6,0.466,0,0,0
"716","South Carolina",45,2012,711,4723723,15.1,0.459,0,0,0
"717","South Carolina",45,2013,720,4774839,15.1,0.445,0,0,0
"718","South Carolina",45,2014,748,4832482,15.5,0.42,0,0,0
"719","South Carolina",45,2015,832,4896146,17,0.393,0,0,0
"720","South Carolina",45,2016,865,4961119,17.4,0.45,0,0,0
"721","South Dakota",46,1999,68,750412,9.1,0.494,0,0,0
"722","South Dakota",46,2000,52,754844,6.9,0.547,0,0,0
"723","South Dakota",46,2001,51,757972,6.7,0.518,0,0,0
"724","South Dakota",46,2002,56,760020,7.4,0.564,0,0,0
"725","South Dakota",46,2003,64,763729,8.4,0.537,0,0,0
"726","South Dakota",46,2004,70,770396,9.1,0.567,0,0,0
"727","South Dakota",46,2005,78,775493,10.1,0.504,0,0,0
"728","South Dakota",46,2006,75,783033,9.6,0.514,0,0,0
"729","South Dakota",46,2007,49,791623,6.2,0.511,0,0,0
"730","South Dakota",46,2008,79,799124,9.9,0.51,0,0,0
"731","South Dakota",46,2009,71,807067,8.8,0.519,0,0,0
"732","South Dakota",46,2010,69,814180,8.5,0.523,0,0,0
"733","South Dakota",46,2011,66,824082,8,0.479,0,0,0
"734","South Dakota",46,2012,82,833354,9.8,0.568,0,0,0
"735","South Dakota",46,2013,75,844877,8.9,0.523,0,0,0
"736","South Dakota",46,2014,84,853175,9.8,0.5,0,0,0
"737","South Dakota",46,2015,89,858469,10.4,0.492,0,0,0
"738","South Dakota",46,2016,98,865454,11.3,0.55,0,0,0
"739","Tennessee",47,1999,796,5638706,14.1,0.503,0,0,0
"740","Tennessee",47,2000,849,5689283,14.9,0.489,0,0,0
"741","Tennessee",47,2001,793,5750789,13.8,0.444,0,0,0
"742","Tennessee",47,2002,856,5795918,14.8,0.468,0,0,0
"743","Tennessee",47,2003,797,5847812,13.6,0.436,0,0,0
"744","Tennessee",47,2004,829,5910809,14,0.472,0,0,0
"745","Tennessee",47,2005,937,5991057,15.6,0.467,0,0,0
"746","Tennessee",47,2006,908,6088766,14.9,0.447,0,0,0
"747","Tennessee",47,2007,900,6175727,14.6,0.461,0,0,0
"748","Tennessee",47,2008,964,6247411,15.4,0.495,0,0,0
"749","Tennessee",47,2009,936,6306019,14.8,0.421,0,0,0
"750","Tennessee",47,2010,894,6346105,14.1,0.438,0,0,0
"751","Tennessee",47,2011,914,6403353,14.3,0.491,0,0,0
"752","Tennessee",47,2012,967,6456243,15,0.478,0,0,0
"753","Tennessee",47,2013,1004,6495978,15.5,0.469,0,0,0
"754","Tennessee",47,2014,1003,6549352,15.3,0.427,0,0,0
"755","Tennessee",47,2015,1036,6600299,15.7,0.416,0,0,0
"756","Tennessee",47,2016,1121,6651194,16.9,0.469,0,0,0
"757","Texas",48,1999,2041,20558220,9.9,0.421,0,0,0
"758","Texas",48,2000,2085,20851820,10,0.417,0,0,0
"759","Texas",48,2001,2263,21319622,10.6,0.377,0,0,0
"760","Texas",48,2002,2220,21690325,10.2,0.379,0,0,0
"761","Texas",48,2003,2338,22030931,10.6,0.362,0,0,0
"762","Texas",48,2004,2260,22394023,10.1,0.368,0,0,0
"763","Texas",48,2005,2403,22778123,10.5,0.376,0,0,0
"764","Texas",48,2006,2357,23359580,10.1,0.363,0,0,0
"765","Texas",48,2007,2459,23831983,10.3,0.392,0,0,0
"766","Texas",48,2008,2528,24309039,10.4,0.367,0,0,0
"767","Texas",48,2009,2610,24801761,10.5,0.357,0,0,0
"768","Texas",48,2010,2639,25145561,10.5,0.346,0,0,0
"769","Texas",48,2011,2517,25674681,9.8,0.378,0,0,0
"770","Texas",48,2012,2670,26059203,10.2,0.426,0,0,0
"771","Texas",48,2013,2712,26448193,10.3,0.364,0,0,0
"772","Texas",48,2014,2784,26956958,10.3,0.385,0,0,0
"773","Texas",48,2015,3136,27469114,11.4,0.336,0,0,0
"774","Texas",48,2016,3271,27862596,11.7,0.355,0,0,0
"775","Utah",49,1999,185,2203482,8.4,0.428,0,0,0
"776","Utah",49,2000,191,2233169,8.6,0.505,0,0,0
"777","Utah",49,2001,222,2283715,9.7,0.455,0,0,0
"778","Utah",49,2002,201,2324815,8.6,0.467,0,0,0
"779","Utah",49,2003,222,2360137,9.4,0.401,0,0,0
"780","Utah",49,2004,216,2401580,9,0.442,0,0,0
"781","Utah",49,2005,225,2457719,9.2,0.377,0,0,0
"782","Utah",49,2006,220,2525507,8.7,0.378,0,0,0
"783","Utah",49,2007,238,2597746,9.2,0.426,0,0,0
"784","Utah",49,2008,226,2663029,8.5,0.355,0,0,0
"785","Utah",49,2009,251,2723421,9.2,0.396,0,0,0
"786","Utah",49,2010,304,2763885,11,0.416,0,0,0
"787","Utah",49,2011,297,2817222,10.5,0.392,0,0,0
"788","Utah",49,2012,316,2855287,11.1,0.423,0,0,0
"789","Utah",49,2013,332,2900872,11.4,0.425,0,0,0
"790","Utah",49,2014,316,2942902,10.7,0.349,0,0,0
"791","Utah",49,2015,355,2995919,11.8,0.35,0,0,0
"792","Utah",49,2016,360,3051217,11.8,0.397,0,0,0
"793","Vermont",50,1999,55,604683,9.1,0.551,0,0,0
"794","Vermont",50,2000,51,608827,8.4,0.47,0,0,0
"795","Vermont",50,2001,49,612223,8,0.43,0,0,0
"796","Vermont",50,2002,58,615442,9.4,0.441,0,0,0
"797","Vermont",50,2003,45,617858,7.3,0.427,0,0,0
"798","Vermont",50,2004,58,619920,9.4,0.442,0,0,0
"799","Vermont",50,2005,43,621215,6.9,0.403,0,0,0
"800","Vermont",50,2006,53,622892,8.5,0.441,0,0,0
"801","Vermont",50,2007,52,623481,8.3,0.43,0,0,0
"802","Vermont",50,2008,52,624151,8.3,0.4,0,0,0
"803","Vermont",50,2009,60,624817,9.6,0.498,0,0,0
"804","Vermont",50,2010,69,625741,11,0.484,0,0,0
"805","Vermont",50,2011,77,626431,12.3,0.472,0,0,0
"806","Vermont",50,2012,54,626011,8.6,0.482,0,0,0
"807","Vermont",50,2013,64,626630,10.2,0.483,0,0,0
"808","Vermont",50,2014,68,626562,10.9,0.437,0,0,0
"809","Vermont",50,2015,70,626042,11.2,0.43,0,0,0
"810","Vermont",50,2016,75,624594,12,0.503,0,0,0
"811","Virginia",51,1999,790,7000174,11.3,0.431,0,0,0
"812","Virginia",51,2000,774,7078515,10.9,0.418,0,0,0
"813","Virginia",51,2001,748,7198362,10.4,0.362,0,0,0
"814","Virginia",51,2002,782,7286873,10.7,0.386,0,0,0
"815","Virginia",51,2003,793,7366977,10.8,0.358,0,0,0
"816","Virginia",51,2004,794,7475575,10.6,0.384,0,0,0
"817","Virginia",51,2005,874,7577105,11.5,0.408,0,0,0
"818","Virginia",51,2006,789,7673725,10.3,0.373,0,0,0
"819","Virginia",51,2007,802,7751000,10.3,0.367,0,0,0
"820","Virginia",51,2008,795,7833496,10.1,0.372,0,0,0
"821","Virginia",51,2009,807,7925937,10.2,0.359,0,0,0
"822","Virginia",51,2010,851,8001024,10.6,0.363,0,0,0
"823","Virginia",51,2011,842,8096604,10.4,0.413,0,0,0
"824","Virginia",51,2012,817,8185867,10,0.397,0,0,0
"825","Virginia",51,2013,845,8260405,10.2,0.37,0,0,0
"826","Virginia",51,2014,865,8326289,10.4,0.362,0,0,0
"827","Virginia",51,2015,920,8382993,11,0.345,0,0,0
"828","Virginia",51,2016,1029,8411808,12.2,0.353,0,0,0
"829","Washington",53,1999,565,5842564,9.7,0.396,0,0,0
"830","Washington",53,2000,511,5894121,8.7,0.402,0,0,0
"831","Washington",53,2001,500,5985722,8.4,0.341,0,0,0
"832","Washington",53,2002,551,6052349,9.1,0.362,0,0,0
"833","Washington",53,2003,553,6104115,9.1,0.383,0,0,0
"834","Washington",53,2004,549,6178645,8.9,0.369,0,0,0
"835","Washington",53,2005,545,6257305,8.7,0.364,0,0,0
"836","Washington",53,2006,528,6370753,8.3,0.359,0,0,0
"837","Washington",53,2007,539,6461587,8.3,0.361,0,0,0
"838","Washington",53,2008,569,6562231,8.7,0.38,0,0,0
"839","Washington",53,2009,597,6667426,9,0.366,0,0,0
"840","Washington",53,2010,585,6724540,8.7,0.338,0,0,0
"841","Washington",53,2011,592,6830038,8.7,0.335,0,0,0
"842","Washington",53,2012,658,6897012,9.5,0.339,0,0,0
"843","Washington",53,2013,602,6971406,8.6,0.344,0,0,0
"844","Washington",53,2014,676,7061530,9.6,0.335,1,0,0
"845","Washington",53,2015,703,7170351,9.8,0.318,1,0,0
"846","Washington",53,2016,665,7288000,9.1,0.321,1,0,0
"847","West Virginia",54,1999,238,1811799,13.1,0.573,0,0,0
"848","West Virginia",54,2000,233,1808344,12.9,0.541,0,0,0
"849","West Virginia",54,2001,236,1801481,13.1,0.549,0,0,0
"850","West Virginia",54,2002,258,1805414,14.3,0.58,0,0,0
"851","West Virginia",54,2003,254,1812295,14,0.561,0,0,0
"852","West Virginia",54,2004,245,1816438,13.5,0.556,0,0,0
"853","West Virginia",54,2005,247,1820492,13.6,0.631,0,0,0
"854","West Virginia",54,2006,238,1827912,13,0.56,0,0,0
"855","West Virginia",54,2007,253,1834052,13.8,0.599,0,0,0
"856","West Virginia",54,2008,210,1840310,11.4,0.575,0,0,0
"857","West Virginia",54,2009,235,1847775,12.7,0.551,0,0,0
"858","West Virginia",54,2010,259,1852994,14,0.572,0,0,0
"859","West Virginia",54,2011,263,1855364,14.2,0.622,0,0,0
"860","West Virginia",54,2012,267,1855413,14.4,0.571,0,0,0
"861","West Virginia",54,2013,271,1854304,14.6,0.602,0,0,0
"862","West Virginia",54,2014,278,1850326,15,0.547,0,0,0
"863","West Virginia",54,2015,270,1844128,14.6,0.537,0,0,0
"864","West Virginia",54,2016,318,1831102,17.4,0.6,0,0,0
"865","Wisconsin",55,1999,430,5332666,8.1,0.434,0,0,0
"866","Wisconsin",55,2000,416,5363675,7.8,0.466,0,0,0
"867","Wisconsin",55,2001,455,5406835,8.4,0.431,0,0,0
"868","Wisconsin",55,2002,430,5445162,7.9,0.422,0,0,0
"869","Wisconsin",55,2003,451,5479203,8.2,0.445,0,0,0
"870","Wisconsin",55,2004,405,5514026,7.3,0.416,0,0,0
"871","Wisconsin",55,2005,463,5546166,8.3,0.41,0,0,0
"872","Wisconsin",55,2006,410,5577655,7.4,0.425,0,0,0
"873","Wisconsin",55,2007,474,5610775,8.4,0.414,0,0,0
"874","Wisconsin",55,2008,427,5640996,7.6,0.421,0,0,0
"875","Wisconsin",55,2009,452,5669264,8,0.432,0,0,0
"876","Wisconsin",55,2010,488,5686986,8.6,0.431,0,0,0
"877","Wisconsin",55,2011,438,5711767,7.7,0.414,0,0,0
"878","Wisconsin",55,2012,476,5726398,8.3,0.44,0,0,0
"879","Wisconsin",55,2013,553,5742713,9.6,0.448,0,0,0
"880","Wisconsin",55,2014,475,5757564,8.3,0.434,0,0,0
"881","Wisconsin",55,2015,600,5771337,10.4,0.434,0,0,0
"882","Wisconsin",55,2016,650,5778708,11.2,0.471,0,0,0
"883","Wyoming",56,1999,68,491780,13.8,0.58,0,0,0
"884","Wyoming",56,2000,55,493782,11.1,0.586,0,0,0
"885","Wyoming",56,2001,69,494657,13.9,0.606,0,0,0
"886","Wyoming",56,2002,91,500017,18.2,0.644,0,0,0
"887","Wyoming",56,2003,83,503453,16.5,0.596,0,0,0
"888","Wyoming",56,2004,53,509106,10.4,0.607,0,0,0
"889","Wyoming",56,2005,67,514157,13,0.592,0,0,0
"890","Wyoming",56,2006,78,522667,14.9,0.583,0,0,0
"891","Wyoming",56,2007,75,534876,14,0.621,0,0,0
"892","Wyoming",56,2008,93,546043,17,0.64,0,0,0
"893","Wyoming",56,2009,92,559851,16.4,0.615,0,0,0
"894","Wyoming",56,2010,88,563626,15.6,0.572,0,0,0
"895","Wyoming",56,2011,96,568158,16.9,0.539,0,0,0
"896","Wyoming",56,2012,110,576412,19.1,0.597,0,0,0
"897","Wyoming",56,2013,100,582658,17.2,0.613,0,0,0
"898","Wyoming",56,2014,88,584153,15.1,0.608,0,0,0
"899","Wyoming",56,2015,108,586107,18.4,0.549,0,0,0
"900","Wyoming",56,2016,99,585501,16.9,0.607,0,0,0
